{"cameraMode":{"drawMode":0,"name":"Shaded","section":"Shading Mode"},"sceneLighting":false,"audioPlay":false,"sceneViewState":{"m_AlwaysRefresh":false,"showFog":false,"showSkybox":false,"showFlares":false,"showImageEffects":false,"showParticleSystems":false,"showVisualEffectGraphs":true,"m_FxEnabled":true},"in2DMode":false,"pivot":{"x":-0.34179940819740298,"y":0.881472110748291,"z":0.06926596164703369},"rotation":{"x":0.04348190128803253,"y":0.015281167812645436,"z":-0.0006690049776807427,"w":0.9989479184150696},"size":0.936832070350647,"orthographic":false}